<!DOCTYPE tiles-definitions PUBLIC
  "-//Apache Software Foundation//DTD Tiles Configuration 3.0//EN"
  "http://tiles.apache.org/dtds/tiles-config_3_0.dtd">

<tiles-definitions>
  <!-- PURCHASE ORDER start -->

  <definition extends="layout.parent" name="purchase-order/list">
    <put-attribute name="title" value="Quản lý thẻ"/>
    <put-attribute name="activePage" value="purchaseorder"/>
    <put-attribute name="body" value="/WEB-INF/jsp/purchase_manager/list.jsp"/>
  </definition>

  <definition extends="layout.parent" name="purchase-order/upload_file">
    <put-attribute name="title" value="Khai báo kho thẻ"/>
    <put-attribute name="activePage" value="purchaseorder"/>
    <put-attribute name="body" value="/WEB-INF/jsp/purchase_manager/upload_file.jsp"/>
  </definition>

  <definition extends="layout.parent" name="purchase-order/declare_po">
    <put-attribute name="title" value="Khai báo kho thẻ"/>
    <put-attribute name="activePage" value="purchaseorder"/>
    <put-attribute name="body" value="/WEB-INF/jsp/purchase_manager/declare_po.jsp"/>
  </definition>

  <definition extends="layout.parent" name="purchase-order/edit_declare_po">
    <put-attribute name="title" value="Chỉnh sửa kho thẻ"/>
    <put-attribute name="activePage" value="purchaseorder"/>
    <put-attribute name="body" value="/WEB-INF/jsp/purchase_manager/edit_declare_po.jsp"/>
  </definition>

  <definition extends="layout.parent" name="purchase-order/verify">
    <put-attribute name="title" value="Xác nhận kho thẻ"/>
    <put-attribute name="activePage" value="purchaseorder"/>
    <put-attribute name="body" value="/WEB-INF/jsp/purchase_manager/verify.jsp"/>
  </definition>

  <definition extends="layout.parent" name="purchase-order/display_verify">
    <put-attribute name="title" value="Xác nhận kho thẻ"/>
    <put-attribute name="activePage" value="purchaseorder"/>
    <put-attribute name="body" value="/WEB-INF/jsp/purchase_manager/display_verify.jsp"/>
  </definition>

  <!-- PURCHASE ORDER end -->

  <definition extends="layout.parent" name="merchant-po/list">
    <put-attribute name="title" value="Merchant PO - List"/>
    <put-attribute name="activePage" value="merchantpo"/>
    <put-attribute name="body" value="/WEB-INF/jsp/merchant_manager/list.jsp"/>
  </definition>

  <definition extends="layout.parent" name="merchant-po/request_po">
    <put-attribute name="title" value="Merchant Request PO"/>
    <put-attribute name="activePage" value="requestpo"/>
    <put-attribute name="body" value="/WEB-INF/jsp/merchant_manager/request_po.jsp"/>
  </definition>

  <definition extends="layout.parent" name="merchant-po/request_otp">
    <put-attribute name="title" value="Merchant Request PO"/>
    <put-attribute name="activePage" value="requestpo"/>
    <put-attribute name="body" value="/WEB-INF/jsp/merchant_manager/request_otp.jsp"/>
  </definition>

  <definition extends="layout.parent" name="merchant-po/export_mpo">
    <put-attribute name="title" value="Merchant Request PO"/>
    <put-attribute name="activePage" value="requestpo"/>
    <put-attribute name="body" value="/WEB-INF/jsp/merchant_manager/export_mpo.jsp"/>
  </definition>

</tiles-definitions>