<!DOCTYPE tiles-definitions PUBLIC
  "-//Apache Software Foundation//DTD Tiles Configuration 3.0//EN"
  "http://tiles.apache.org/dtds/tiles-config_3_0.dtd">

<tiles-definitions>

  <definition name="layout.parent" template="/WEB-INF/jsp/layout/parent.jsp">
    <put-attribute name="title" value=""/>
    <put-attribute name="head" value="/WEB-INF/jsp/layout/head.jsp"/>
    <put-attribute name="header" value="/WEB-INF/jsp/layout/header.jsp"/>
    <put-attribute name="activePage" value=""/>
    <put-attribute name="body" value=""/>
    <put-attribute name="footer" value="/WEB-INF/jsp/layout/footer.jsp"/>
  </definition>

  <definition name="layout.blank" template="/WEB-INF/jsp/template/blank.jsp">
    <put-attribute name="body" value=""/>
  </definition>


</tiles-definitions>