<!DOCTYPE tiles-definitions PUBLIC
  "-//Apache Software Foundation//DTD Tiles Configuration 3.0//EN"
  "http://tiles.apache.org/dtds/tiles-config_3_0.dtd">

<tiles-definitions>

  <definition name="card-store/list" extends="layout.parent">
    <put-attribute name="title" value="Quản lý thẻ"/>
    <put-attribute name="activePage" value="cardstore"/>
    <put-attribute name="body" value="/WEB-INF/jsp/card_manager/card_manager.jsp"/>
  </definition>

  <definition name="card-store/create" extends="layout.parent">
    <put-attribute name="title" value="Thêm thẻ mới"/>
    <put-attribute name="activePage" value="cardstore"/>
    <put-attribute name="body" value="/WEB-INF/jsp/card_manager/add_card.jsp"/>
  </definition>

  <definition name="dashboard/cardstore" extends="layout.parent">
    <put-attribute name="title" value="Card Store Dashboard"/>
    <put-attribute name="activePage" value="dashboardcs"/>
    <put-attribute name="body" value="/WEB-INF/jsp/dashboard/cardstore.jsp"/>
  </definition>

</tiles-definitions>