<!DOCTYPE tiles-definitions PUBLIC
  "-//Apache Software Foundation//DTD Tiles Configuration 3.0//EN"
  "http://tiles.apache.org/dtds/tiles-config_3_0.dtd">

<tiles-definitions>

  <definition name="config/error" extends="layout.parent">
    <put-attribute name="title" value="Error"/>
    <put-attribute name="body" value="/WEB-INF/jsp/config/error.jsp"/>
  </definition>

  <definition name="config/redirect">
    <put-attribute name="body" value="/WEB-INF/jsp/config/redirect.jsp"/>
  </definition>

  <definition name="landing/customer" extends="layout.parent">
    <put-attribute name="title" value="Customer"/>
    <put-attribute name="body" value="/WEB-INF/jsp/landing/customer.jsp"/>
  </definition>

  <definition name="landing/provider" extends="layout.parent">
    <put-attribute name="title" value="Provider"/>
    <put-attribute name="body" value="/WEB-INF/jsp/landing/provider.jsp"/>
  </definition>

  <definition name="landing/service" extends="layout.parent">
    <put-attribute name="title" value="Service"/>
    <put-attribute name="body" value="/WEB-INF/jsp/landing/service.jsp"/>
  </definition>

  <definition name="landing/setting" extends="layout.parent">
    <put-attribute name="title" value="Setting"/>
    <put-attribute name="body" value="/WEB-INF/jsp/landing/setting.jsp"/>
  </definition>

  <definition name="landing/wallet" extends="layout.parent">
    <put-attribute name="title" value="Wallet"/>
    <put-attribute name="body" value="/WEB-INF/jsp/landing/wallet.jsp"/>
  </definition>

</tiles-definitions>